{
  "height": 409.048473967684,
  "width": 745.70915619389586,
  "x": 10.341113105924595,
  "y": 0,
  "z": 0
}