{
  "height": 720.57553956834533,
  "width": 1269.6402877697842,
  "x": 10.359712230215827,
  "y": 0,
  "z": 0
}