{
  "height": 432.02872531418308,
  "width": 1271.9569120287254,
  "x": 8.0430879712746854,
  "y": 26.427289048473966,
  "z": 1
}