{
  "height": 450.41292639138237,
  "width": 698.59964093357269,
  "x": 10.341113105924595,
  "y": 0,
  "z": 0
}