{
  "height": 592.89048473967682,
  "width": 739.964093357271,
  "x": 384.91921005385996,
  "y": 55.152603231597844,
  "z": 1
}