{
  "height": 515.90664272890479,
  "width": 1158.2046678635547,
  "x": 82.728904847396763,
  "y": 0,
  "z": 1
}