{
  "height": 194.18312387791741,
  "width": 1149.0125673249552,
  "x": 82.728904847396763,
  "y": 526.24775583482938,
  "z": 2
}