{
  "height": 460.02162162162159,
  "width": 800.172972972973,
  "x": 10.118918918918919,
  "y": 0,
  "z": 0
}